id,identifier,generation_id,type_id,power,pp,accuracy,priority,target_id,damage_class_id,effect_id,effect_chance,contest_type_id,contest_effect_id,super_contest_effect_id,damage_class_name
1,pound,1,1,40.0,35.0,100.0,0,10,2,1.0,,5.0,1.0,5.0,Physical
2,karate-chop,1,2,50.0,25.0,100.0,0,10,2,44.0,,5.0,2.0,5.0,Physical
3,double-slap,1,1,15.0,10.0,85.0,0,10,2,30.0,,5.0,10.0,7.0,Physical
4,comet-punch,1,1,18.0,15.0,85.0,0,10,2,30.0,,5.0,12.0,7.0,Physical
5,mega-punch,1,1,80.0,20.0,85.0,0,10,2,1.0,,5.0,1.0,18.0,Physical
6,pay-day,1,1,40.0,20.0,100.0,0,10,2,35.0,,4.0,11.0,23.0,Physical
7,fire-punch,1,10,75.0,15.0,100.0,0,10,2,5.0,10.0,2.0,1.0,17.0,Physical
8,ice-punch,1,15,75.0,15.0,100.0,0,10,2,6.0,10.0,2.0,1.0,17.0,Physical
9,thunder-punch,1,13,75.0,15.0,100.0,0,10,2,7.0,10.0,1.0,1.0,17.0,Physical
10,scratch,1,1,40.0,35.0,100.0,0,10,2,1.0,,5.0,1.0,5.0,Physical
11,vice-grip,1,1,55.0,30.0,100.0,0,10,2,1.0,,5.0,1.0,5.0,Physical
12,guillotine,1,1,,5.0,30.0,0,10,2,39.0,,1.0,14.0,9.0,Physical
13,razor-wind,1,1,80.0,10.0,100.0,0,11,3,40.0,,1.0,2.0,6.0,Special
14,swords-dance,1,1,,20.0,,0,7,1,51.0,,2.0,32.0,11.0,Status
15,cut,1,1,50.0,30.0,95.0,0,10,2,1.0,,1.0,14.0,5.0,Physical
16,gust,1,3,40.0,35.0,100.0,0,10,3,150.0,,4.0,21.0,5.0,Special
17,wing-attack,1,3,60.0,35.0,100.0,0,10,2,1.0,,1.0,12.0,5.0,Physical
18,whirlwind,1,1,,20.0,,-6,10,1,29.0,,4.0,21.0,9.0,Status
19,fly,1,3,90.0,15.0,95.0,0,10,2,156.0,,4.0,15.0,6.0,Physical
20,bind,1,1,15.0,20.0,85.0,0,10,2,43.0,100.0,5.0,24.0,21.0,Physical
21,slam,1,1,80.0,20.0,75.0,0,10,2,1.0,,5.0,23.0,5.0,Physical
22,vine-whip,1,12,45.0,25.0,100.0,0,10,2,1.0,,1.0,1.0,5.0,Physical
23,stomp,1,1,65.0,20.0,100.0,0,10,2,151.0,30.0,5.0,4.0,5.0,Physical
24,double-kick,1,2,30.0,30.0,100.0,0,10,2,45.0,,1.0,12.0,7.0,Physical
25,mega-kick,1,1,120.0,5.0,75.0,0,10,2,1.0,,1.0,1.0,18.0,Physical
26,jump-kick,1,2,100.0,10.0,95.0,0,10,2,46.0,,1.0,3.0,5.0,Physical
27,rolling-kick,1,2,60.0,15.0,85.0,0,10,2,32.0,30.0,1.0,5.0,5.0,Physical
28,sand-attack,1,5,,15.0,100.0,0,10,1,24.0,,3.0,10.0,19.0,Status
29,headbutt,1,1,70.0,15.0,100.0,0,10,2,32.0,30.0,5.0,9.0,5.0,Physical
30,horn-attack,1,1,65.0,25.0,100.0,0,10,2,1.0,,1.0,1.0,5.0,Physical
31,fury-attack,1,1,15.0,20.0,85.0,0,10,2,30.0,,1.0,10.0,7.0,Physical
32,horn-drill,1,1,,5.0,30.0,0,10,2,39.0,,1.0,14.0,9.0,Physical
33,tackle,1,1,40.0,35.0,100.0,0,10,2,1.0,,5.0,1.0,5.0,Physical
34,body-slam,1,1,85.0,15.0,100.0,0,10,2,7.0,30.0,5.0,4.0,5.0,Physical
35,wrap,1,1,15.0,20.0,90.0,0,10,2,43.0,100.0,5.0,24.0,21.0,Physical
36,take-down,1,1,90.0,20.0,85.0,0,10,2,49.0,,5.0,3.0,5.0,Physical
37,thrash,1,1,120.0,10.0,100.0,0,8,2,28.0,,5.0,6.0,7.0,Physical
38,double-edge,1,1,120.0,15.0,100.0,0,10,2,199.0,,5.0,3.0,9.0,Physical
39,tail-whip,1,1,,30.0,100.0,0,11,1,20.0,,3.0,28.0,19.0,Status
40,poison-sting,1,4,15.0,35.0,100.0,0,10,2,3.0,30.0,4.0,9.0,19.0,Physical
41,twineedle,1,7,25.0,20.0,100.0,0,10,2,78.0,20.0,1.0,9.0,7.0,Physical
42,pin-missile,1,7,25.0,20.0,95.0,0,10,2,30.0,,1.0,10.0,7.0,Physical
43,leer,1,1,,30.0,100.0,0,11,1,20.0,100.0,1.0,24.0,19.0,Status
44,bite,1,17,60.0,25.0,100.0,0,10,2,32.0,30.0,5.0,5.0,5.0,Physical
45,growl,1,1,,40.0,100.0,0,11,1,19.0,,3.0,28.0,19.0,Status
46,roar,1,1,,20.0,,-6,10,1,29.0,,1.0,21.0,19.0,Status
47,sing,1,1,,15.0,55.0,0,10,1,2.0,,3.0,18.0,19.0,Status
48,supersonic,1,1,,20.0,55.0,0,10,1,50.0,,4.0,21.0,19.0,Status
49,sonic-boom,1,1,,20.0,90.0,0,10,3,131.0,,1.0,12.0,5.0,Special
50,disable,1,1,,20.0,100.0,0,10,1,87.0,,4.0,18.0,19.0,Status
51,acid,1,4,40.0,30.0,100.0,0,11,3,73.0,10.0,4.0,4.0,5.0,Special
52,ember,1,10,40.0,25.0,100.0,0,10,3,5.0,10.0,2.0,1.0,5.0,Special
53,flamethrower,1,10,90.0,15.0,100.0,0,10,3,5.0,10.0,2.0,1.0,17.0,Special
54,mist,1,15,,30.0,,0,4,1,47.0,,2.0,15.0,13.0,Status
55,water-gun,1,11,40.0,25.0,100.0,0,10,3,1.0,,3.0,1.0,5.0,Special
56,hydro-pump,1,11,110.0,5.0,80.0,0,10,3,1.0,,2.0,1.0,17.0,Special
57,surf,1,11,90.0,15.0,100.0,0,9,3,258.0,,2.0,2.0,17.0,Special
58,ice-beam,1,15,90.0,10.0,100.0,0,10,3,6.0,10.0,2.0,23.0,17.0,Special
59,blizzard,1,15,110.0,5.0,70.0,0,11,3,261.0,10.0,2.0,1.0,17.0,Special
60,psybeam,1,14,65.0,20.0,100.0,0,10,3,77.0,10.0,2.0,21.0,17.0,Special
61,bubble-beam,1,11,65.0,20.0,100.0,0,10,3,71.0,10.0,2.0,5.0,2.0,Special
62,aurora-beam,1,15,65.0,20.0,100.0,0,10,3,69.0,10.0,2.0,23.0,17.0,Special
63,hyper-beam,1,1,150.0,5.0,90.0,0,10,3,81.0,,1.0,6.0,22.0,Special
64,peck,1,3,35.0,35.0,100.0,0,10,2,1.0,,1.0,1.0,5.0,Physical
65,drill-peck,1,3,80.0,20.0,100.0,0,10,2,1.0,,1.0,1.0,5.0,Physical
66,submission,1,2,80.0,20.0,80.0,0,10,2,49.0,,1.0,3.0,5.0,Physical
67,low-kick,1,2,,20.0,100.0,0,10,2,197.0,,5.0,4.0,5.0,Physical
68,counter,1,2,,20.0,100.0,-5,1,2,90.0,,5.0,16.0,15.0,Physical
69,seismic-toss,1,2,,20.0,100.0,0,10,2,88.0,,5.0,23.0,5.0,Physical
70,strength,1,1,80.0,15.0,100.0,0,10,2,1.0,,5.0,23.0,5.0,Physical
71,absorb,1,12,20.0,25.0,100.0,0,10,3,4.0,,4.0,9.0,20.0,Special
72,mega-drain,1,12,40.0,15.0,100.0,0,10,3,4.0,,4.0,4.0,20.0,Special
73,leech-seed,1,12,,10.0,90.0,0,10,1,85.0,,4.0,8.0,21.0,Status
74,growth,1,1,,20.0,,0,7,1,317.0,,2.0,32.0,11.0,Status
75,razor-leaf,1,12,55.0,25.0,95.0,0,11,2,44.0,,1.0,2.0,5.0,Physical
76,solar-beam,1,12,120.0,10.0,100.0,0,10,3,152.0,,1.0,1.0,6.0,Special
77,poison-powder,1,4,,35.0,75.0,0,10,1,67.0,,4.0,33.0,19.0,Status
78,stun-spore,1,12,,30.0,75.0,0,10,1,68.0,,4.0,14.0,19.0,Status
79,sleep-powder,1,12,,15.0,75.0,0,10,1,2.0,,4.0,5.0,19.0,Status
80,petal-dance,1,12,120.0,10.0,100.0,0,8,3,28.0,,2.0,6.0,21.0,Special
81,string-shot,1,7,,40.0,95.0,0,11,1,61.0,,4.0,9.0,19.0,Status
82,dragon-rage,1,16,,10.0,100.0,0,10,3,42.0,,1.0,26.0,5.0,Special
83,fire-spin,1,10,35.0,15.0,85.0,0,10,3,43.0,100.0,2.0,24.0,21.0,Special
84,thunder-shock,1,13,40.0,30.0,100.0,0,10,3,7.0,10.0,1.0,1.0,5.0,Special
85,thunderbolt,1,13,90.0,15.0,100.0,0,10,3,7.0,10.0,1.0,1.0,17.0,Special
86,thunder-wave,1,13,,20.0,90.0,0,10,1,68.0,,1.0,14.0,19.0,Status
87,thunder,1,13,110.0,10.0,70.0,0,10,3,153.0,30.0,1.0,8.0,17.0,Special
88,rock-throw,1,6,50.0,15.0,90.0,0,10,2,1.0,,5.0,12.0,5.0,Physical
89,earthquake,1,5,100.0,10.0,100.0,0,9,2,148.0,,5.0,5.0,18.0,Physical
90,fissure,1,5,,5.0,30.0,0,10,2,39.0,,5.0,14.0,9.0,Physical
91,dig,1,5,80.0,10.0,100.0,0,10,2,257.0,,4.0,15.0,6.0,Physical
92,toxic,1,4,,10.0,90.0,0,10,1,34.0,,4.0,33.0,19.0,Status
93,confusion,1,14,50.0,25.0,100.0,0,10,3,77.0,10.0,4.0,9.0,5.0,Special
94,psychic,1,14,90.0,10.0,100.0,0,10,3,73.0,10.0,4.0,5.0,17.0,Special
95,hypnosis,1,14,,20.0,60.0,0,10,1,2.0,,4.0,5.0,19.0,Status
96,meditate,1,14,,40.0,,0,7,1,11.0,,2.0,32.0,11.0,Status
97,agility,1,14,,30.0,,0,7,1,53.0,,1.0,30.0,1.0,Status
98,quick-attack,1,1,40.0,30.0,100.0,1,10,2,104.0,,1.0,30.0,1.0,Physical
99,rage,1,1,20.0,20.0,100.0,0,10,2,82.0,,1.0,17.0,11.0,Physical
100,teleport,1,14,,20.0,,-6,7,1,154.0,,1.0,15.0,1.0,Status
101,night-shade,1,8,,15.0,100.0,0,10,3,88.0,,4.0,23.0,5.0,Special
102,mimic,1,1,,10.0,,0,10,1,83.0,,3.0,19.0,12.0,Status
103,screech,1,1,,40.0,85.0,0,10,1,60.0,,4.0,5.0,10.0,Status
104,double-team,1,1,,15.0,,0,7,1,17.0,,1.0,16.0,1.0,Status
105,recover,1,1,,5.0,,0,7,1,33.0,,4.0,23.0,8.0,Status
106,harden,1,1,,30.0,,0,7,1,12.0,,5.0,16.0,13.0,Status
107,minimize,1,1,,10.0,,0,7,1,109.0,,3.0,16.0,13.0,Status
108,smokescreen,1,1,,20.0,100.0,0,10,1,24.0,,4.0,22.0,10.0,Status
109,confuse-ray,1,8,,10.0,100.0,0,10,1,50.0,,4.0,21.0,10.0,Status
110,withdraw,1,11,,40.0,,0,7,1,12.0,,3.0,15.0,13.0,Status
111,defense-curl,1,1,,40.0,,0,7,1,157.0,,3.0,16.0,13.0,Status
112,barrier,1,14,,20.0,,0,7,1,52.0,,1.0,15.0,13.0,Status
113,light-screen,1,14,,30.0,,0,4,1,36.0,,2.0,15.0,13.0,Status
114,haze,1,15,,30.0,,0,12,1,26.0,,2.0,33.0,13.0,Status
115,reflect,1,14,,20.0,,0,4,1,66.0,,4.0,15.0,13.0,Status
116,focus-energy,1,1,,30.0,,0,7,1,48.0,,1.0,5.0,11.0,Status
117,bide,1,1,,10.0,,1,7,2,27.0,,5.0,15.0,15.0,Physical
118,metronome,1,1,,10.0,,0,7,1,84.0,,3.0,17.0,14.0,Status
119,mirror-move,1,3,,20.0,,0,10,1,10.0,,4.0,19.0,15.0,Status
120,self-destruct,1,1,200.0,5.0,100.0,0,9,2,8.0,,2.0,7.0,9.0,Physical
121,egg-bomb,1,1,100.0,10.0,75.0,0,10,2,1.0,,5.0,1.0,5.0,Physical
122,lick,1,8,30.0,30.0,100.0,0,10,2,7.0,30.0,5.0,4.0,16.0,Physical
123,smog,1,4,30.0,20.0,70.0,0,10,3,3.0,40.0,5.0,5.0,5.0,Special
124,sludge,1,4,65.0,20.0,100.0,0,10,3,3.0,30.0,5.0,4.0,18.0,Special
125,bone-club,1,5,65.0,20.0,85.0,0,10,2,32.0,10.0,5.0,10.0,5.0,Physical
126,fire-blast,1,10,110.0,5.0,85.0,0,10,3,5.0,10.0,2.0,1.0,17.0,Special
127,waterfall,1,11,80.0,15.0,100.0,0,10,2,32.0,20.0,5.0,28.0,5.0,Physical
128,clamp,1,11,35.0,15.0,85.0,0,10,2,43.0,100.0,5.0,24.0,5.0,Physical
129,swift,1,1,60.0,20.0,,0,11,3,18.0,,1.0,27.0,17.0,Special
130,skull-bash,1,1,130.0,10.0,100.0,0,10,2,146.0,100.0,5.0,4.0,6.0,Physical
131,spike-cannon,1,1,20.0,15.0,100.0,0,10,2,30.0,,1.0,10.0,7.0,Physical
132,constrict,1,1,10.0,35.0,100.0,0,10,2,71.0,10.0,5.0,9.0,21.0,Physical
133,amnesia,1,14,,20.0,,0,7,1,55.0,,3.0,32.0,11.0,Status
134,kinesis,1,14,,15.0,80.0,0,10,1,24.0,,4.0,24.0,11.0,Status
135,soft-boiled,1,1,,5.0,,0,7,1,33.0,,2.0,1.0,8.0,Status
136,high-jump-kick,1,2,130.0,10.0,90.0,0,10,2,46.0,,1.0,3.0,5.0,Physical
137,glare,1,1,,30.0,100.0,0,10,1,68.0,,5.0,5.0,19.0,Status
138,dream-eater,1,14,100.0,15.0,100.0,0,10,3,9.0,,4.0,8.0,20.0,Special
139,poison-gas,1,4,,40.0,90.0,0,11,1,67.0,,4.0,33.0,5.0,Status
140,barrage,1,1,15.0,20.0,85.0,0,10,2,30.0,,5.0,12.0,7.0,Physical
141,leech-life,1,7,80.0,10.0,100.0,0,10,2,4.0,,4.0,9.0,20.0,Physical
142,lovely-kiss,1,1,,10.0,75.0,0,10,1,2.0,,2.0,5.0,19.0,Status
143,sky-attack,1,3,140.0,5.0,90.0,0,10,2,76.0,30.0,1.0,2.0,6.0,Physical
144,transform,1,1,,10.0,,0,10,1,58.0,,4.0,17.0,23.0,Status
145,bubble,1,11,40.0,30.0,100.0,0,11,3,71.0,10.0,3.0,8.0,2.0,Special
146,dizzy-punch,1,1,70.0,10.0,100.0,0,10,2,77.0,20.0,1.0,4.0,16.0,Physical
147,spore,1,12,,15.0,100.0,0,10,1,2.0,,2.0,5.0,10.0,Status
148,flash,1,1,,20.0,100.0,0,10,1,24.0,,2.0,22.0,10.0,Status
149,psywave,1,14,,15.0,100.0,0,10,3,89.0,,4.0,14.0,5.0,Special
150,splash,1,1,,40.0,,0,7,1,86.0,,3.0,28.0,16.0,Status
151,acid-armor,1,4,,20.0,,0,7,1,52.0,,5.0,32.0,11.0,Status
152,crabhammer,1,11,100.0,10.0,90.0,0,10,2,44.0,,5.0,2.0,18.0,Physical
153,explosion,1,1,250.0,5.0,100.0,0,9,2,8.0,,2.0,7.0,9.0,Physical
154,fury-swipes,1,1,18.0,15.0,80.0,0,10,2,30.0,,5.0,10.0,7.0,Physical
155,bonemerang,1,5,50.0,10.0,90.0,0,10,2,45.0,,5.0,1.0,7.0,Physical
156,rest,1,14,,5.0,,0,7,1,38.0,,3.0,16.0,8.0,Status
157,rock-slide,1,6,75.0,10.0,90.0,0,11,2,32.0,30.0,5.0,5.0,5.0,Physical
158,hyper-fang,1,1,80.0,15.0,90.0,0,10,2,32.0,10.0,1.0,4.0,18.0,Physical
159,sharpen,1,1,,30.0,,0,7,1,11.0,,3.0,32.0,11.0,Status
160,conversion,1,1,,30.0,,0,7,1,31.0,,2.0,12.0,23.0,Status
161,tri-attack,1,1,80.0,10.0,100.0,0,10,3,37.0,20.0,2.0,8.0,5.0,Special
162,super-fang,1,1,,10.0,90.0,0,10,2,41.0,,5.0,14.0,5.0,Physical
163,slash,1,1,70.0,20.0,100.0,0,10,2,44.0,,1.0,2.0,5.0,Physical
164,substitute,1,1,,10.0,,0,7,1,80.0,,4.0,16.0,23.0,Status
165,struggle,1,1,50.0,1.0,,0,8,2,255.0,,1.0,1.0,5.0,Physical
166,sketch,2,1,,1.0,,0,10,1,96.0,,4.0,19.0,23.0,Status
167,triple-kick,2,2,10.0,10.0,90.0,0,10,2,105.0,,1.0,1.0,7.0,Physical
168,thief,2,17,60.0,25.0,100.0,0,10,2,106.0,,5.0,20.0,12.0,Physical
169,spider-web,2,7,,10.0,,0,10,1,107.0,,4.0,18.0,13.0,Status
170,mind-reader,2,1,,5.0,,0,10,1,95.0,,4.0,24.0,20.0,Status
171,nightmare,2,8,,15.0,100.0,0,10,1,108.0,,4.0,5.0,19.0,Status
172,flame-wheel,2,10,60.0,25.0,100.0,0,10,2,126.0,10.0,2.0,1.0,7.0,Physical
173,snore,2,1,50.0,15.0,100.0,0,10,3,93.0,30.0,3.0,1.0,5.0,Special
174,curse,2,8,,10.0,,0,1,1,110.0,,5.0,31.0,21.0,Status
175,flail,2,1,,15.0,100.0,0,10,2,100.0,,3.0,26.0,15.0,Physical
176,conversion-2,2,1,,30.0,,0,10,1,94.0,,2.0,12.0,23.0,Status
177,aeroblast,2,3,100.0,5.0,95.0,0,10,3,44.0,,1.0,2.0,22.0,Special
178,cotton-spore,2,12,,40.0,100.0,0,11,1,61.0,,2.0,10.0,1.0,Status
179,reversal,2,2,,15.0,100.0,0,10,2,100.0,,1.0,28.0,15.0,Physical
180,spite,2,8,,10.0,100.0,0,10,1,101.0,,5.0,26.0,19.0,Status
181,powder-snow,2,15,40.0,25.0,100.0,0,11,3,6.0,10.0,2.0,1.0,5.0,Special
182,protect,2,1,,10.0,,4,7,1,112.0,,3.0,15.0,16.0,Status
183,mach-punch,2,2,40.0,30.0,100.0,1,10,2,104.0,,1.0,30.0,1.0,Physical
184,scary-face,2,1,,10.0,100.0,0,10,1,61.0,,5.0,10.0,2.0,Status
185,feint-attack,2,17,60.0,20.0,,0,10,2,18.0,,4.0,27.0,18.0,Physical
186,sweet-kiss,2,18,,10.0,75.0,0,10,1,50.0,,3.0,18.0,19.0,Status
187,belly-drum,2,1,,10.0,,0,7,1,143.0,,3.0,32.0,11.0,Status
188,sludge-bomb,2,4,90.0,10.0,100.0,0,10,3,3.0,30.0,5.0,10.0,18.0,Special
189,mud-slap,2,5,20.0,10.0,100.0,0,10,3,74.0,100.0,3.0,10.0,5.0,Special
190,octazooka,2,11,65.0,10.0,85.0,0,10,3,74.0,50.0,5.0,10.0,4.0,Special
191,spikes,2,5,,20.0,,0,6,1,113.0,,4.0,18.0,13.0,Status
192,zap-cannon,2,13,120.0,5.0,50.0,0,10,3,7.0,100.0,1.0,1.0,4.0,Special
193,foresight,2,1,,40.0,,0,10,1,114.0,,4.0,33.0,20.0,Status
194,destiny-bond,2,8,,5.0,,0,7,1,99.0,,4.0,7.0,9.0,Status
195,perish-song,2,1,,5.0,,0,14,1,115.0,,2.0,14.0,10.0,Status
196,icy-wind,2,15,55.0,15.0,95.0,0,11,3,71.0,100.0,2.0,5.0,2.0,Special
197,detect,2,2,,5.0,,4,7,1,112.0,,1.0,16.0,16.0,Status
198,bone-rush,2,5,25.0,10.0,90.0,0,10,2,30.0,,5.0,1.0,7.0,Physical
199,lock-on,2,1,,5.0,,0,10,1,95.0,,4.0,24.0,20.0,Status
200,outrage,2,16,120.0,10.0,100.0,0,8,2,28.0,,1.0,6.0,7.0,Physical
201,sandstorm,2,6,,10.0,,0,12,1,116.0,,5.0,21.0,13.0,Status
202,giga-drain,2,12,75.0,10.0,100.0,0,10,3,4.0,,4.0,10.0,20.0,Special
203,endure,2,1,,10.0,,4,7,1,117.0,,5.0,16.0,13.0,Status
204,charm,2,18,,20.0,100.0,0,10,1,59.0,,3.0,23.0,19.0,Status
205,rollout,2,6,30.0,20.0,90.0,0,10,2,118.0,,5.0,24.0,7.0,Physical
206,false-swipe,2,1,40.0,40.0,100.0,0,10,2,102.0,,1.0,5.0,16.0,Physical
207,swagger,2,1,,15.0,85.0,0,10,1,119.0,,3.0,27.0,19.0,Status
208,milk-drink,2,1,,5.0,,0,7,1,33.0,,3.0,12.0,8.0,Status
209,spark,2,13,65.0,20.0,100.0,0,10,2,7.0,30.0,1.0,4.0,5.0,Physical
210,fury-cutter,2,7,40.0,20.0,95.0,0,10,2,120.0,,1.0,17.0,7.0,Physical
211,steel-wing,2,9,70.0,25.0,90.0,0,10,2,139.0,10.0,1.0,12.0,5.0,Physical
212,mean-look,2,1,,5.0,,0,10,1,107.0,,2.0,18.0,10.0,Status
213,attract,2,1,,15.0,100.0,0,10,1,121.0,,3.0,18.0,19.0,Status
214,sleep-talk,2,1,,10.0,,0,7,1,98.0,,3.0,17.0,5.0,Status
215,heal-bell,2,1,,5.0,,0,13,1,103.0,,2.0,28.0,8.0,Status
216,return,2,1,,20.0,100.0,0,10,2,122.0,,3.0,13.0,17.0,Physical
217,present,2,1,,15.0,90.0,0,10,2,123.0,,3.0,17.0,16.0,Physical
218,frustration,2,1,,20.0,100.0,0,10,2,124.0,,3.0,13.0,18.0,Physical
219,safeguard,2,1,,25.0,,0,4,1,125.0,,2.0,15.0,13.0,Status
220,pain-split,2,1,,20.0,,0,10,1,92.0,,4.0,4.0,10.0,Status
221,sacred-fire,2,10,100.0,5.0,95.0,0,10,2,126.0,50.0,2.0,1.0,22.0,Physical
222,magnitude,2,5,,30.0,100.0,0,9,2,127.0,,5.0,11.0,18.0,Physical
223,dynamic-punch,2,2,100.0,5.0,50.0,0,10,2,77.0,100.0,1.0,10.0,18.0,Physical
224,megahorn,2,7,120.0,10.0,85.0,0,10,2,1.0,,1.0,12.0,18.0,Physical
225,dragon-breath,2,16,60.0,20.0,100.0,0,10,3,7.0,30.0,1.0,5.0,17.0,Special
226,baton-pass,2,1,,40.0,,0,7,1,128.0,,3.0,18.0,16.0,Status
227,encore,2,1,,5.0,100.0,0,10,1,91.0,,3.0,18.0,20.0,Status
228,pursuit,2,17,40.0,20.0,100.0,0,10,2,129.0,,4.0,14.0,20.0,Physical
229,rapid-spin,2,1,50.0,40.0,100.0,0,10,2,130.0,100.0,1.0,16.0,17.0,Physical
230,sweet-scent,2,1,,20.0,100.0,0,11,1,25.0,,3.0,5.0,19.0,Status
231,iron-tail,2,9,100.0,15.0,75.0,0,10,2,70.0,30.0,1.0,4.0,18.0,Physical
232,metal-claw,2,9,50.0,35.0,95.0,0,10,2,140.0,10.0,1.0,1.0,18.0,Physical
233,vital-throw,2,2,70.0,10.0,,-1,10,2,79.0,,1.0,31.0,2.0,Physical
234,morning-sun,2,1,,5.0,,0,7,1,133.0,,2.0,25.0,8.0,Status
235,synthesis,2,12,,5.0,,0,7,1,133.0,,4.0,25.0,8.0,Status
236,moonlight,2,18,,5.0,,0,7,1,133.0,,2.0,25.0,8.0,Status
237,hidden-power,2,1,60.0,15.0,100.0,0,10,3,136.0,,4.0,17.0,23.0,Special
238,cross-chop,2,2,100.0,5.0,80.0,0,10,2,44.0,,1.0,2.0,18.0,Physical
239,twister,2,16,40.0,20.0,100.0,0,11,3,147.0,20.0,1.0,21.0,5.0,Special
240,rain-dance,2,11,,5.0,,0,12,1,137.0,,5.0,11.0,13.0,Status
241,sunny-day,2,10,,5.0,,0,12,1,138.0,,2.0,11.0,13.0,Status
242,crunch,2,17,80.0,15.0,100.0,0,10,2,70.0,20.0,5.0,4.0,18.0,Physical
243,mirror-coat,2,14,,20.0,100.0,-5,1,3,145.0,,2.0,16.0,15.0,Special
244,psych-up,2,1,,10.0,,0,10,1,144.0,,4.0,12.0,11.0,Status
245,extreme-speed,2,1,80.0,5.0,100.0,2,10,2,104.0,,1.0,30.0,1.0,Physical
246,ancient-power,2,6,60.0,5.0,100.0,0,10,3,141.0,10.0,5.0,32.0,18.0,Special
247,shadow-ball,2,8,80.0,15.0,100.0,0,10,3,73.0,20.0,4.0,22.0,17.0,Special
248,future-sight,2,14,120.0,10.0,100.0,0,10,3,149.0,,4.0,24.0,17.0,Special
249,rock-smash,2,2,40.0,15.0,100.0,0,10,2,70.0,50.0,5.0,29.0,18.0,Physical
250,whirlpool,2,11,35.0,15.0,85.0,0,10,3,262.0,100.0,2.0,24.0,21.0,Special
251,beat-up,2,17,,10.0,100.0,0,10,2,155.0,,4.0,14.0,7.0,Physical
252,fake-out,3,1,40.0,10.0,100.0,3,10,2,159.0,100.0,3.0,23.0,17.0,Physical
253,uproar,3,1,90.0,10.0,100.0,0,8,3,160.0,,3.0,21.0,10.0,Special
254,stockpile,3,1,,20.0,,0,7,1,161.0,,5.0,16.0,11.0,Status
255,spit-up,3,1,,10.0,100.0,0,10,3,162.0,,5.0,1.0,18.0,Special
256,swallow,3,1,,10.0,,0,7,1,163.0,,5.0,32.0,8.0,Status
257,heat-wave,3,10,95.0,10.0,90.0,0,11,3,5.0,10.0,2.0,1.0,17.0,Special
258,hail,3,15,,10.0,,0,12,1,165.0,,2.0,5.0,13.0,Status
259,torment,3,17,,15.0,100.0,0,10,1,166.0,,5.0,18.0,16.0,Status
260,flatter,3,17,,15.0,100.0,0,10,1,167.0,,4.0,18.0,19.0,Status
261,will-o-wisp,3,10,,15.0,85.0,0,10,1,168.0,,2.0,4.0,17.0,Status
262,memento,3,17,,10.0,100.0,0,10,1,169.0,,5.0,7.0,9.0,Status
263,facade,3,1,70.0,20.0,100.0,0,10,2,170.0,,3.0,28.0,15.0,Physical
264,focus-punch,3,2,150.0,20.0,100.0,-3,10,2,171.0,,5.0,31.0,6.0,Physical
265,smelling-salts,3,1,70.0,10.0,100.0,0,10,2,172.0,,4.0,9.0,16.0,Physical
266,follow-me,3,1,,20.0,,2,7,1,173.0,,3.0,24.0,14.0,Status
267,nature-power,3,1,,20.0,,0,10,1,174.0,,2.0,11.0,14.0,Status
268,charge,3,13,,20.0,,0,7,1,175.0,,4.0,12.0,11.0,Status
269,taunt,3,17,,20.0,100.0,0,10,1,176.0,,4.0,18.0,16.0,Status
270,helping-hand,3,1,,20.0,,5,3,1,177.0,,4.0,18.0,20.0,Status
271,trick,3,14,,10.0,100.0,0,10,1,178.0,,4.0,12.0,12.0,Status
272,role-play,3,14,,10.0,,0,10,1,179.0,,3.0,20.0,23.0,Status
273,wish,3,1,,10.0,,0,7,1,180.0,,3.0,24.0,8.0,Status
274,assist,3,1,,20.0,,0,7,1,181.0,,3.0,25.0,14.0,Status
275,ingrain,3,12,,20.0,,0,7,1,182.0,,4.0,15.0,21.0,Status
276,superpower,3,2,120.0,5.0,100.0,0,10,2,183.0,100.0,5.0,3.0,18.0,Physical
277,magic-coat,3,14,,15.0,,4,7,1,184.0,,2.0,15.0,15.0,Status
278,recycle,3,1,,10.0,,0,7,1,185.0,,4.0,17.0,12.0,Status
279,revenge,3,2,60.0,10.0,100.0,-4,10,2,186.0,,5.0,31.0,15.0,Physical
280,brick-break,3,2,75.0,15.0,100.0,0,10,2,187.0,,1.0,4.0,5.0,Physical
281,yawn,3,1,,10.0,,0,10,1,188.0,,3.0,18.0,19.0,Status
282,knock-off,3,17,65.0,20.0,100.0,0,10,2,189.0,,4.0,4.0,5.0,Physical
283,endeavor,3,1,,5.0,100.0,0,10,2,190.0,,5.0,28.0,15.0,Physical
284,eruption,3,10,150.0,5.0,100.0,0,11,3,191.0,,2.0,26.0,18.0,Special
285,skill-swap,3,14,,10.0,,0,10,1,192.0,,4.0,20.0,12.0,Status
286,imprison,3,14,,10.0,,0,7,1,193.0,,4.0,33.0,20.0,Status
287,refresh,3,1,,20.0,,0,7,1,194.0,,3.0,32.0,8.0,Status
288,grudge,3,8,,5.0,,0,7,1,195.0,,5.0,26.0,10.0,Status
289,snatch,3,17,,10.0,,4,7,1,196.0,,4.0,14.0,12.0,Status
290,secret-power,3,1,70.0,20.0,100.0,0,10,2,198.0,30.0,4.0,29.0,14.0,Physical
291,dive,3,11,80.0,10.0,100.0,0,10,2,256.0,,2.0,16.0,6.0,Physical
292,arm-thrust,3,2,15.0,20.0,100.0,0,10,2,30.0,,5.0,10.0,7.0,Physical
293,camouflage,3,1,,20.0,,0,7,1,214.0,,4.0,2.0,13.0,Status
294,tail-glow,3,7,,20.0,,0,7,1,322.0,,2.0,32.0,11.0,Status
295,luster-purge,3,14,95.0,5.0,100.0,0,10,3,73.0,50.0,4.0,9.0,22.0,Special
296,mist-ball,3,14,95.0,5.0,100.0,0,10,3,72.0,50.0,4.0,4.0,22.0,Special
297,feather-dance,3,3,,15.0,100.0,0,10,1,59.0,,2.0,28.0,19.0,Status
298,teeter-dance,3,1,,20.0,100.0,0,9,1,200.0,,3.0,6.0,14.0,Status
299,blaze-kick,3,10,85.0,10.0,90.0,0,10,2,201.0,10.0,2.0,1.0,17.0,Physical
300,mud-sport,3,5,,15.0,,0,12,1,202.0,,3.0,1.0,13.0,Status
301,ice-ball,3,15,30.0,20.0,90.0,0,10,2,118.0,,2.0,24.0,7.0,Physical
302,needle-arm,3,12,60.0,15.0,100.0,0,10,2,32.0,30.0,4.0,4.0,5.0,Physical
303,slack-off,3,1,,5.0,,0,7,1,33.0,,3.0,26.0,8.0,Status
304,hyper-voice,3,1,90.0,10.0,100.0,0,11,3,1.0,,1.0,5.0,5.0,Special
305,poison-fang,3,4,50.0,15.0,100.0,0,10,2,203.0,50.0,4.0,33.0,4.0,Physical
306,crush-claw,3,1,75.0,10.0,95.0,0,10,2,70.0,50.0,1.0,4.0,5.0,Physical
307,blast-burn,3,10,150.0,5.0,90.0,0,10,3,81.0,,2.0,6.0,22.0,Special
308,hydro-cannon,3,11,150.0,5.0,90.0,0,10,3,81.0,,2.0,6.0,22.0,Special
309,meteor-mash,3,9,90.0,10.0,90.0,0,10,2,140.0,20.0,1.0,12.0,18.0,Physical
310,astonish,3,8,30.0,15.0,100.0,0,10,2,32.0,30.0,4.0,9.0,5.0,Physical
311,weather-ball,3,1,50.0,10.0,100.0,0,10,3,204.0,,4.0,1.0,4.0,Special
312,aromatherapy,3,12,,5.0,,0,13,1,103.0,,4.0,28.0,8.0,Status
313,fake-tears,3,17,,20.0,100.0,0,10,1,63.0,,4.0,28.0,19.0,Status
314,air-cutter,3,3,60.0,25.0,95.0,0,11,3,44.0,,1.0,23.0,5.0,Special
315,overheat,3,10,130.0,5.0,90.0,0,10,3,205.0,100.0,2.0,3.0,22.0,Special
316,odor-sleuth,3,1,,40.0,,0,10,1,114.0,,4.0,33.0,20.0,Status
317,rock-tomb,3,6,60.0,15.0,95.0,0,10,2,71.0,100.0,4.0,24.0,2.0,Physical
318,silver-wind,3,7,60.0,5.0,100.0,0,10,3,141.0,10.0,2.0,32.0,4.0,Special
319,metal-sound,3,9,,40.0,85.0,0,10,1,63.0,,4.0,5.0,10.0,Status
320,grass-whistle,3,12,,15.0,55.0,0,10,1,2.0,,4.0,5.0,19.0,Status
321,tickle,3,1,,20.0,100.0,0,10,1,206.0,,3.0,33.0,19.0,Status
322,cosmic-power,3,14,,20.0,,0,7,1,207.0,,1.0,32.0,11.0,Status
323,water-spout,3,11,150.0,5.0,100.0,0,11,3,191.0,,2.0,26.0,22.0,Special
324,signal-beam,3,7,75.0,15.0,100.0,0,10,3,77.0,10.0,2.0,21.0,4.0,Special
325,shadow-punch,3,8,60.0,20.0,,0,10,2,18.0,,4.0,27.0,17.0,Physical
326,extrasensory,3,14,80.0,20.0,100.0,0,10,3,32.0,10.0,1.0,4.0,17.0,Special
327,sky-uppercut,3,2,85.0,15.0,90.0,0,10,2,208.0,,1.0,23.0,17.0,Physical
328,sand-tomb,3,5,35.0,15.0,85.0,0,10,2,43.0,100.0,4.0,24.0,21.0,Physical
329,sheer-cold,3,15,,5.0,30.0,0,10,3,39.0,,2.0,14.0,9.0,Special
330,muddy-water,3,11,90.0,10.0,85.0,0,11,3,74.0,30.0,5.0,10.0,18.0,Special
331,bullet-seed,3,12,25.0,30.0,100.0,0,10,2,30.0,,1.0,14.0,7.0,Physical
332,aerial-ace,3,3,60.0,20.0,,0,10,2,18.0,,1.0,27.0,17.0,Physical
333,icicle-spear,3,15,25.0,30.0,100.0,0,10,2,30.0,,2.0,23.0,7.0,Physical
334,iron-defense,3,9,,15.0,,0,7,1,52.0,,5.0,15.0,13.0,Status
335,block,3,1,,5.0,,0,10,1,107.0,,3.0,18.0,13.0,Status
336,howl,3,1,,40.0,,0,13,1,11.0,,1.0,32.0,11.0,Status
337,dragon-claw,3,16,80.0,15.0,100.0,0,10,2,1.0,,1.0,23.0,17.0,Physical
338,frenzy-plant,3,12,150.0,5.0,90.0,0,10,3,81.0,,1.0,6.0,22.0,Special
339,bulk-up,3,2,,20.0,,0,7,1,209.0,,2.0,32.0,11.0,Status
340,bounce,3,3,85.0,5.0,85.0,0,10,2,264.0,30.0,3.0,15.0,6.0,Physical
341,mud-shot,3,5,55.0,15.0,95.0,0,10,3,71.0,100.0,5.0,5.0,2.0,Special
342,poison-tail,3,4,50.0,25.0,100.0,0,10,2,210.0,10.0,4.0,33.0,4.0,Physical
343,covet,3,1,60.0,25.0,100.0,0,10,2,106.0,,3.0,20.0,12.0,Physical
344,volt-tackle,3,13,120.0,15.0,100.0,0,10,2,263.0,10.0,1.0,3.0,22.0,Physical
345,magical-leaf,3,12,60.0,20.0,,0,10,3,18.0,,2.0,27.0,17.0,Special
346,water-sport,3,11,,15.0,,0,12,1,211.0,,3.0,1.0,13.0,Status
347,calm-mind,3,14,,20.0,,0,7,1,212.0,,4.0,16.0,11.0,Status
348,leaf-blade,3,12,90.0,15.0,100.0,0,10,2,44.0,,1.0,2.0,17.0,Physical
349,dragon-dance,3,16,,20.0,,0,7,1,213.0,,1.0,32.0,11.0,Status
350,rock-blast,3,6,25.0,10.0,90.0,0,10,2,30.0,,5.0,12.0,7.0,Physical
351,shock-wave,3,13,60.0,20.0,,0,10,3,18.0,,1.0,27.0,17.0,Special
352,water-pulse,3,11,60.0,20.0,100.0,0,10,3,77.0,20.0,2.0,21.0,17.0,Special
353,doom-desire,3,9,140.0,5.0,100.0,0,10,3,149.0,,1.0,24.0,17.0,Special
354,psycho-boost,3,14,140.0,5.0,90.0,0,10,3,205.0,100.0,4.0,3.0,22.0,Special
355,roost,4,3,,5.0,,0,7,1,215.0,,1.0,,8.0,Status
356,gravity,4,14,,5.0,,0,12,1,216.0,,2.0,,13.0,Status
357,miracle-eye,4,14,,40.0,,0,10,1,217.0,,3.0,,20.0,Status
358,wake-up-slap,4,2,70.0,10.0,100.0,0,10,2,218.0,,4.0,,16.0,Physical
359,hammer-arm,4,2,100.0,10.0,90.0,0,10,2,219.0,100.0,1.0,,2.0,Physical
360,gyro-ball,4,9,,5.0,100.0,0,10,2,220.0,,2.0,,15.0,Physical
361,healing-wish,4,14,,10.0,,0,7,1,221.0,,3.0,,8.0,Status
362,brine,4,11,65.0,10.0,100.0,0,10,3,222.0,,4.0,,4.0,Special
363,natural-gift,4,1,,15.0,100.0,0,10,2,223.0,,1.0,,18.0,Physical
364,feint,4,1,30.0,10.0,100.0,2,10,2,224.0,,2.0,,16.0,Physical
365,pluck,4,3,60.0,20.0,100.0,0,10,2,225.0,,3.0,,12.0,Physical
366,tailwind,4,3,,15.0,,0,4,1,226.0,,4.0,,1.0,Status
367,acupressure,4,1,,30.0,,0,5,1,227.0,,1.0,,11.0,Status
368,metal-burst,4,9,,10.0,100.0,0,1,2,228.0,,2.0,,15.0,Physical
369,u-turn,4,7,70.0,20.0,100.0,0,10,2,229.0,,3.0,,16.0,Physical
370,close-combat,4,2,120.0,5.0,100.0,0,10,2,230.0,100.0,4.0,,22.0,Physical
371,payback,4,17,50.0,10.0,100.0,0,10,2,231.0,,1.0,,6.0,Physical
372,assurance,4,17,60.0,10.0,100.0,0,10,2,232.0,,2.0,,15.0,Physical
373,embargo,4,17,,15.0,100.0,0,10,1,233.0,,3.0,,13.0,Status
374,fling,4,17,,10.0,100.0,0,10,2,234.0,,5.0,,23.0,Physical
375,psycho-shift,4,14,,10.0,100.0,0,10,1,235.0,,1.0,,16.0,Status
376,trump-card,4,1,,5.0,,0,10,3,236.0,,1.0,,21.0,Special
377,heal-block,4,14,,15.0,100.0,0,11,1,237.0,,3.0,,13.0,Status
378,wring-out,4,1,,5.0,100.0,0,10,3,238.0,,4.0,,22.0,Special
379,power-trick,4,14,,10.0,,0,7,1,239.0,,1.0,,16.0,Status
380,gastro-acid,4,4,,10.0,100.0,0,10,1,240.0,,2.0,,13.0,Status
381,lucky-chant,4,1,,30.0,,0,4,1,241.0,,3.0,,13.0,Status
382,me-first,4,1,,20.0,,0,2,1,242.0,,3.0,,1.0,Status
383,copycat,4,1,,20.0,,0,7,1,243.0,,1.0,,12.0,Status
384,power-swap,4,14,,10.0,,0,10,1,244.0,,2.0,,16.0,Status
385,guard-swap,4,14,,10.0,,0,10,1,245.0,,3.0,,16.0,Status
386,punishment,4,17,,5.0,100.0,0,10,2,246.0,,4.0,,23.0,Physical
387,last-resort,4,1,140.0,5.0,100.0,0,10,2,247.0,,3.0,,21.0,Physical
388,worry-seed,4,12,,10.0,100.0,0,10,1,248.0,,2.0,,19.0,Status
389,sucker-punch,4,17,70.0,5.0,100.0,1,10,2,249.0,,4.0,,1.0,Physical
390,toxic-spikes,4,4,,20.0,,0,6,1,250.0,,4.0,,13.0,Status
391,heart-swap,4,14,,10.0,,0,10,1,251.0,,1.0,,16.0,Status
392,aqua-ring,4,11,,20.0,,0,7,1,252.0,,2.0,,8.0,Status
393,magnet-rise,4,13,,10.0,,0,7,1,253.0,,3.0,,13.0,Status
394,flare-blitz,4,10,120.0,15.0,100.0,0,10,2,254.0,10.0,4.0,,22.0,Physical
395,force-palm,4,2,60.0,10.0,100.0,0,10,2,7.0,30.0,1.0,,18.0,Physical
396,aura-sphere,4,2,80.0,20.0,,0,10,3,18.0,,2.0,,17.0,Special
397,rock-polish,4,6,,20.0,,0,7,1,53.0,,5.0,,1.0,Status
398,poison-jab,4,4,80.0,20.0,100.0,0,10,2,3.0,30.0,4.0,,4.0,Physical
399,dark-pulse,4,17,80.0,15.0,100.0,0,10,3,32.0,20.0,1.0,,17.0,Special
400,night-slash,4,17,70.0,15.0,100.0,0,10,2,44.0,,2.0,,5.0,Physical
401,aqua-tail,4,11,90.0,10.0,90.0,0,10,2,1.0,,3.0,,5.0,Physical
402,seed-bomb,4,12,80.0,15.0,100.0,0,10,2,1.0,,4.0,,5.0,Physical
403,air-slash,4,3,75.0,15.0,95.0,0,10,3,32.0,30.0,1.0,,17.0,Special
404,x-scissor,4,7,80.0,15.0,100.0,0,10,2,1.0,,2.0,,17.0,Physical
405,bug-buzz,4,7,90.0,10.0,100.0,0,10,3,73.0,10.0,3.0,,4.0,Special
406,dragon-pulse,4,16,85.0,10.0,100.0,0,10,3,1.0,,4.0,,4.0,Special
407,dragon-rush,4,16,100.0,10.0,75.0,0,10,2,32.0,20.0,1.0,,18.0,Physical
408,power-gem,4,6,80.0,20.0,100.0,0,10,3,1.0,,2.0,,5.0,Special
409,drain-punch,4,2,75.0,10.0,100.0,0,10,2,4.0,,2.0,,20.0,Physical
410,vacuum-wave,4,2,40.0,30.0,100.0,1,10,3,104.0,,4.0,,1.0,Special
411,focus-blast,4,2,120.0,5.0,70.0,0,10,3,73.0,10.0,1.0,,17.0,Special
412,energy-ball,4,12,90.0,10.0,100.0,0,10,3,73.0,10.0,2.0,,17.0,Special
413,brave-bird,4,3,120.0,15.0,100.0,0,10,2,199.0,,3.0,,18.0,Physical
414,earth-power,4,5,90.0,10.0,100.0,0,10,3,73.0,10.0,4.0,,18.0,Special
415,switcheroo,4,17,,10.0,100.0,0,10,1,178.0,,1.0,,12.0,Status
416,giga-impact,4,1,150.0,5.0,90.0,0,10,2,81.0,,2.0,,22.0,Physical
417,nasty-plot,4,17,,20.0,,0,7,1,54.0,,3.0,,11.0,Status
418,bullet-punch,4,9,40.0,30.0,100.0,1,10,2,104.0,,4.0,,1.0,Physical
419,avalanche,4,15,60.0,10.0,100.0,-4,10,2,186.0,,1.0,,15.0,Physical
420,ice-shard,4,15,40.0,30.0,100.0,1,10,2,104.0,,2.0,,1.0,Physical
421,shadow-claw,4,8,70.0,15.0,100.0,0,10,2,44.0,,3.0,,17.0,Physical
422,thunder-fang,4,13,65.0,15.0,95.0,0,10,2,276.0,10.0,4.0,,5.0,Physical
423,ice-fang,4,15,65.0,15.0,95.0,0,10,2,275.0,10.0,1.0,,5.0,Physical
424,fire-fang,4,10,65.0,15.0,95.0,0,10,2,274.0,10.0,2.0,,5.0,Physical
425,shadow-sneak,4,8,40.0,30.0,100.0,1,10,2,104.0,,4.0,,1.0,Physical
426,mud-bomb,4,5,65.0,10.0,85.0,0,10,3,74.0,30.0,4.0,,18.0,Special
427,psycho-cut,4,14,70.0,20.0,100.0,0,10,2,44.0,,1.0,,17.0,Physical
428,zen-headbutt,4,14,80.0,15.0,90.0,0,10,2,32.0,20.0,2.0,,18.0,Physical
429,mirror-shot,4,9,65.0,10.0,85.0,0,10,3,74.0,30.0,3.0,,17.0,Special
430,flash-cannon,4,9,80.0,10.0,100.0,0,10,3,73.0,10.0,4.0,,17.0,Special
431,rock-climb,4,1,90.0,20.0,85.0,0,10,2,77.0,20.0,1.0,,18.0,Physical
432,defog,4,3,,15.0,,0,10,1,259.0,,2.0,,13.0,Status
433,trick-room,4,14,,5.0,,-7,12,1,260.0,,3.0,,14.0,Status
434,draco-meteor,4,16,130.0,5.0,90.0,0,10,3,205.0,100.0,4.0,,22.0,Special
435,discharge,4,13,80.0,15.0,100.0,0,9,3,7.0,30.0,1.0,,17.0,Special
436,lava-plume,4,10,80.0,15.0,100.0,0,9,3,5.0,30.0,5.0,,17.0,Special
437,leaf-storm,4,12,130.0,5.0,90.0,0,10,3,205.0,100.0,3.0,,22.0,Special
438,power-whip,4,12,120.0,10.0,85.0,0,10,2,1.0,,2.0,,5.0,Physical
439,rock-wrecker,4,6,150.0,5.0,90.0,0,10,2,81.0,,5.0,,22.0,Physical
440,cross-poison,4,4,70.0,20.0,100.0,0,10,2,210.0,10.0,1.0,,5.0,Physical
441,gunk-shot,4,4,120.0,5.0,80.0,0,10,2,3.0,30.0,1.0,,5.0,Physical
442,iron-head,4,9,80.0,15.0,100.0,0,10,2,32.0,30.0,5.0,,18.0,Physical
443,magnet-bomb,4,9,60.0,20.0,,0,10,2,18.0,,1.0,,5.0,Physical
444,stone-edge,4,6,100.0,5.0,80.0,0,10,2,44.0,,5.0,,4.0,Physical
445,captivate,4,1,,20.0,100.0,0,11,1,266.0,,2.0,,19.0,Status
446,stealth-rock,4,6,,20.0,,0,6,1,267.0,,1.0,,13.0,Status
447,grass-knot,4,12,,20.0,100.0,0,10,3,197.0,,4.0,,4.0,Special
448,chatter,4,3,65.0,20.0,100.0,0,10,3,268.0,100.0,4.0,,23.0,Special
449,judgment,4,1,100.0,10.0,100.0,0,10,3,269.0,,4.0,,14.0,Special
450,bug-bite,4,7,60.0,20.0,100.0,0,10,2,225.0,,5.0,,12.0,Physical
451,charge-beam,4,13,50.0,10.0,90.0,0,10,3,277.0,70.0,2.0,,17.0,Special
452,wood-hammer,4,12,120.0,15.0,100.0,0,10,2,199.0,,5.0,,18.0,Physical
453,aqua-jet,4,11,40.0,20.0,100.0,1,10,2,104.0,,2.0,,1.0,Physical
454,attack-order,4,7,90.0,15.0,100.0,0,10,2,44.0,,4.0,,4.0,Physical
455,defend-order,4,7,,10.0,,0,7,1,207.0,,4.0,,11.0,Status
456,heal-order,4,7,,10.0,,0,7,1,33.0,,4.0,,8.0,Status
457,head-smash,4,6,150.0,5.0,80.0,0,10,2,270.0,,5.0,,22.0,Physical
458,double-hit,4,1,35.0,10.0,90.0,0,10,2,45.0,,4.0,,7.0,Physical
459,roar-of-time,4,16,150.0,5.0,90.0,0,10,3,81.0,,1.0,,22.0,Special
460,spacial-rend,4,16,100.0,5.0,95.0,0,10,3,44.0,,5.0,,4.0,Special
461,lunar-dance,4,14,,10.0,,0,7,1,271.0,,2.0,,8.0,Status
462,crush-grip,4,1,,5.0,100.0,0,10,2,238.0,,5.0,,15.0,Physical
463,magma-storm,4,10,100.0,5.0,75.0,0,10,3,43.0,100.0,5.0,,7.0,Special
464,dark-void,4,17,,10.0,50.0,0,11,1,2.0,,4.0,,19.0,Status
465,seed-flare,4,12,120.0,5.0,85.0,0,10,3,272.0,40.0,1.0,,22.0,Special
466,ominous-wind,4,8,60.0,5.0,100.0,0,10,3,141.0,10.0,4.0,,11.0,Special
467,shadow-force,4,8,120.0,5.0,100.0,0,10,2,273.0,,4.0,,22.0,Physical
468,hone-claws,5,17,,15.0,,0,7,1,278.0,,,,,Status
469,wide-guard,5,6,,10.0,,3,4,1,279.0,,,,,Status
470,guard-split,5,14,,10.0,,0,10,1,280.0,,,,,Status
471,power-split,5,14,,10.0,,0,10,1,281.0,,,,,Status
472,wonder-room,5,14,,10.0,,0,12,1,282.0,,,,,Status
473,psyshock,5,14,80.0,10.0,100.0,0,10,3,283.0,,,,,Special
474,venoshock,5,4,65.0,10.0,100.0,0,10,3,284.0,,,,,Special
475,autotomize,5,9,,15.0,,0,7,1,285.0,,,,,Status
476,rage-powder,5,7,,20.0,,2,7,1,173.0,,,,,Status
477,telekinesis,5,14,,15.0,,0,10,1,286.0,,,,,Status
478,magic-room,5,14,,10.0,,0,12,1,287.0,,,,,Status
479,smack-down,5,6,50.0,15.0,100.0,0,10,2,288.0,100.0,,,,Physical
480,storm-throw,5,2,60.0,10.0,100.0,0,10,2,289.0,,,,,Physical
481,flame-burst,5,10,70.0,15.0,100.0,0,10,3,290.0,,,,,Special
482,sludge-wave,5,4,95.0,10.0,100.0,0,9,3,3.0,10.0,,,,Special
483,quiver-dance,5,7,,20.0,,0,7,1,291.0,,,,,Status
484,heavy-slam,5,9,,10.0,100.0,0,10,2,292.0,,,,,Physical
485,synchronoise,5,14,120.0,10.0,100.0,0,9,3,293.0,,,,,Special
486,electro-ball,5,13,,10.0,100.0,0,10,3,294.0,,,,,Special
487,soak,5,11,,20.0,100.0,0,10,1,295.0,,,,,Status
488,flame-charge,5,10,50.0,20.0,100.0,0,10,2,296.0,100.0,,,,Physical
489,coil,5,4,,20.0,,0,7,1,323.0,,,,,Status
490,low-sweep,5,2,65.0,20.0,100.0,0,10,2,21.0,100.0,,,,Physical
491,acid-spray,5,4,40.0,20.0,100.0,0,10,3,297.0,100.0,,,,Special
492,foul-play,5,17,95.0,15.0,100.0,0,10,2,298.0,,,,,Physical
493,simple-beam,5,1,,15.0,100.0,0,10,1,299.0,,,,,Status
494,entrainment,5,1,,15.0,100.0,0,10,1,300.0,,,,,Status
495,after-you,5,1,,15.0,,0,10,1,301.0,,,,,Status
496,round,5,1,60.0,15.0,100.0,0,10,3,302.0,,,,,Special
497,echoed-voice,5,1,40.0,15.0,100.0,0,10,3,303.0,,,,,Special
498,chip-away,5,1,70.0,20.0,100.0,0,10,2,304.0,,,,,Physical
499,clear-smog,5,4,50.0,15.0,,0,10,3,305.0,,,,,Special
500,stored-power,5,14,20.0,10.0,100.0,0,10,3,306.0,,,,,Special
501,quick-guard,5,2,,15.0,,3,4,1,307.0,,,,,Status
502,ally-switch,5,14,,15.0,,2,7,1,308.0,,,,,Status
503,scald,5,11,80.0,15.0,100.0,0,10,3,5.0,30.0,,,,Special
504,shell-smash,5,1,,15.0,,0,7,1,309.0,,,,,Status
505,heal-pulse,5,14,,10.0,,0,10,1,310.0,,,,,Status
506,hex,5,8,65.0,10.0,100.0,0,10,3,311.0,,,,,Special
507,sky-drop,5,3,60.0,10.0,100.0,0,10,2,312.0,,,,,Physical
508,shift-gear,5,9,,10.0,,0,7,1,313.0,,,,,Status
509,circle-throw,5,2,60.0,10.0,90.0,-6,10,2,314.0,,,,,Physical
510,incinerate,5,10,60.0,15.0,100.0,0,11,3,315.0,,,,,Special
511,quash,5,17,,15.0,100.0,0,10,1,316.0,,,,,Status
512,acrobatics,5,3,55.0,15.0,100.0,0,10,2,318.0,,,,,Physical
513,reflect-type,5,1,,15.0,,0,10,1,319.0,,,,,Status
514,retaliate,5,1,70.0,5.0,100.0,0,10,2,320.0,,,,,Physical
515,final-gambit,5,2,,5.0,100.0,0,10,3,321.0,,,,,Special
516,bestow,5,1,,15.0,,0,10,1,324.0,,,,,Status
517,inferno,5,10,100.0,5.0,50.0,0,10,3,5.0,100.0,,,,Special
518,water-pledge,5,11,80.0,10.0,100.0,0,10,3,325.0,,,,,Special
519,fire-pledge,5,10,80.0,10.0,100.0,0,10,3,326.0,,,,,Special
520,grass-pledge,5,12,80.0,10.0,100.0,0,10,3,327.0,,,,,Special
521,volt-switch,5,13,70.0,20.0,100.0,0,10,3,229.0,,,,,Special
522,struggle-bug,5,7,50.0,20.0,100.0,0,11,3,72.0,100.0,,,,Special
523,bulldoze,5,5,60.0,20.0,100.0,0,9,2,71.0,100.0,,,,Physical
524,frost-breath,5,15,60.0,10.0,90.0,0,10,3,289.0,100.0,,,,Special
525,dragon-tail,5,16,60.0,10.0,90.0,-6,10,2,314.0,,,,,Physical
526,work-up,5,1,,30.0,,0,7,1,328.0,,,,,Status
527,electroweb,5,13,55.0,15.0,95.0,0,11,3,21.0,100.0,,,,Special
528,wild-charge,5,13,90.0,15.0,100.0,0,10,2,49.0,,,,,Physical
529,drill-run,5,5,80.0,10.0,95.0,0,10,2,44.0,,,,,Physical
530,dual-chop,5,16,40.0,15.0,90.0,0,10,2,45.0,,,,,Physical
531,heart-stamp,5,14,60.0,25.0,100.0,0,10,2,32.0,30.0,,,,Physical
532,horn-leech,5,12,75.0,10.0,100.0,0,10,2,4.0,,,,,Physical
533,sacred-sword,5,2,90.0,15.0,100.0,0,10,2,304.0,,,,,Physical
534,razor-shell,5,11,75.0,10.0,95.0,0,10,2,70.0,50.0,,,,Physical
535,heat-crash,5,10,,10.0,100.0,0,10,2,292.0,,,,,Physical
536,leaf-tornado,5,12,65.0,10.0,90.0,0,10,3,74.0,50.0,,,,Special
537,steamroller,5,7,65.0,20.0,100.0,0,10,2,151.0,30.0,,,,Physical
538,cotton-guard,5,12,,10.0,,0,7,1,329.0,,,,,Status
539,night-daze,5,17,85.0,10.0,95.0,0,10,3,74.0,40.0,,,,Special
540,psystrike,5,14,100.0,10.0,100.0,0,10,3,283.0,,,,,Special
541,tail-slap,5,1,25.0,10.0,85.0,0,10,2,30.0,,,,,Physical
542,hurricane,5,3,110.0,10.0,70.0,0,10,3,334.0,30.0,,,,Special
543,head-charge,5,1,120.0,15.0,100.0,0,10,2,49.0,,,,,Physical
544,gear-grind,5,9,50.0,15.0,85.0,0,10,2,45.0,,,,,Physical
545,searing-shot,5,10,100.0,5.0,100.0,0,9,3,5.0,30.0,,,,Special
546,techno-blast,5,1,120.0,5.0,100.0,0,10,3,269.0,,,,,Special
547,relic-song,5,1,75.0,10.0,100.0,0,11,3,330.0,10.0,,,,Special
548,secret-sword,5,2,85.0,10.0,100.0,0,10,3,283.0,,,,,Special
549,glaciate,5,15,65.0,10.0,95.0,0,11,3,331.0,100.0,,,,Special
550,bolt-strike,5,13,130.0,5.0,85.0,0,10,2,7.0,20.0,,,,Physical
551,blue-flare,5,10,130.0,5.0,85.0,0,10,3,5.0,20.0,,,,Special
552,fiery-dance,5,10,80.0,10.0,100.0,0,10,3,277.0,50.0,,,,Special
553,freeze-shock,5,15,140.0,5.0,90.0,0,10,2,332.0,30.0,,,,Physical
554,ice-burn,5,15,140.0,5.0,90.0,0,10,3,333.0,30.0,,,,Special
555,snarl,5,17,55.0,15.0,95.0,0,11,3,72.0,100.0,,,,Special
556,icicle-crash,5,15,85.0,10.0,90.0,0,10,2,32.0,30.0,,,,Physical
557,v-create,5,10,180.0,5.0,95.0,0,10,2,335.0,100.0,,,,Physical
558,fusion-flare,5,10,100.0,5.0,100.0,0,10,3,336.0,,,,,Special
559,fusion-bolt,5,13,100.0,5.0,100.0,0,10,2,337.0,,,,,Physical
560,flying-press,6,2,100.0,10.0,95.0,0,10,2,338.0,,,,,Physical
561,mat-block,6,2,,10.0,,0,4,1,377.0,,,,,Status
562,belch,6,4,120.0,10.0,90.0,0,10,3,339.0,,,,,Special
563,rototiller,6,5,,10.0,,0,14,1,340.0,100.0,,,,Status
564,sticky-web,6,7,,20.0,,0,6,1,341.0,,,,,Status
565,fell-stinger,6,7,50.0,25.0,100.0,0,10,2,342.0,,,,,Physical
566,phantom-force,6,8,90.0,10.0,100.0,0,10,2,273.0,,,,,Physical
567,trick-or-treat,6,8,,20.0,100.0,0,10,1,343.0,,,,,Status
568,noble-roar,6,1,,30.0,100.0,0,10,1,344.0,100.0,,,,Status
569,ion-deluge,6,13,,25.0,,1,12,1,345.0,,,,,Status
570,parabolic-charge,6,13,65.0,20.0,100.0,0,9,3,346.0,,,,,Special
571,forests-curse,6,12,,20.0,100.0,0,10,1,376.0,,,,,Status
572,petal-blizzard,6,12,90.0,15.0,100.0,0,9,2,379.0,,,,,Physical
573,freeze-dry,6,15,70.0,20.0,100.0,0,10,3,380.0,10.0,,,,Special
574,disarming-voice,6,18,40.0,15.0,,0,11,3,381.0,,,,,Special
575,parting-shot,6,17,,20.0,100.0,0,10,1,347.0,100.0,,,,Status
576,topsy-turvy,6,17,,20.0,,0,10,1,348.0,,,,,Status
577,draining-kiss,6,18,50.0,10.0,100.0,0,10,3,349.0,,,,,Special
578,crafty-shield,6,18,,10.0,,3,4,1,350.0,,,,,Status
579,flower-shield,6,18,,10.0,,0,14,1,351.0,100.0,,,,Status
580,grassy-terrain,6,12,,10.0,,0,12,1,352.0,,,,,Status
581,misty-terrain,6,18,,10.0,,0,12,1,353.0,,,,,Status
582,electrify,6,13,,20.0,,0,10,1,354.0,,,,,Status
583,play-rough,6,18,90.0,10.0,90.0,0,10,2,69.0,10.0,,,,Physical
584,fairy-wind,6,18,40.0,30.0,100.0,0,10,3,1.0,,,,,Special
585,moonblast,6,18,95.0,15.0,100.0,0,10,3,72.0,30.0,,,,Special
586,boomburst,6,1,140.0,10.0,100.0,0,9,3,379.0,,,,,Special
587,fairy-lock,6,18,,10.0,,0,12,1,355.0,,,,,Status
588,kings-shield,6,9,,10.0,,4,7,1,356.0,,,,,Status
589,play-nice,6,1,,20.0,,0,10,1,357.0,100.0,,,,Status
590,confide,6,1,,20.0,,0,10,1,358.0,100.0,,,,Status
591,diamond-storm,6,6,100.0,5.0,95.0,0,11,2,359.0,50.0,,,,Physical
592,steam-eruption,6,11,110.0,5.0,95.0,0,10,3,5.0,30.0,,,,Special
593,hyperspace-hole,6,14,80.0,5.0,,0,10,3,360.0,,,,,Special
594,water-shuriken,6,11,15.0,20.0,100.0,1,10,3,361.0,,,,,Special
595,mystical-fire,6,10,75.0,10.0,100.0,0,10,3,72.0,100.0,,,,Special
596,spiky-shield,6,12,,10.0,,4,7,1,362.0,,,,,Status
597,aromatic-mist,6,18,,20.0,,0,3,1,363.0,,,,,Status
598,eerie-impulse,6,13,,15.0,100.0,0,10,1,62.0,,,,,Status
599,venom-drench,6,4,,20.0,100.0,0,11,1,364.0,100.0,,,,Status
600,powder,6,7,,20.0,100.0,1,10,1,378.0,,,,,Status
601,geomancy,6,18,,10.0,,0,7,1,366.0,,,,,Status
602,magnetic-flux,6,13,,20.0,,0,13,1,367.0,,,,,Status
603,happy-hour,6,1,,30.0,,0,4,1,368.0,,,,,Status
604,electric-terrain,6,13,,10.0,,0,12,1,369.0,,,,,Status
605,dazzling-gleam,6,18,80.0,10.0,100.0,0,11,3,1.0,,,,,Special
606,celebrate,6,1,,40.0,,0,7,1,370.0,,,,,Status
607,hold-hands,6,1,,40.0,,0,3,1,371.0,,,,,Status
608,baby-doll-eyes,6,18,,30.0,100.0,1,10,1,365.0,,,,,Status
609,nuzzle,6,13,20.0,20.0,100.0,0,10,2,372.0,100.0,,,,Physical
610,hold-back,6,1,40.0,40.0,100.0,0,10,2,102.0,,,,,Physical
611,infestation,6,7,20.0,20.0,100.0,0,10,3,43.0,100.0,,,,Special
612,power-up-punch,6,2,40.0,20.0,100.0,0,10,2,375.0,100.0,,,,Physical
613,oblivion-wing,6,3,80.0,10.0,100.0,0,10,3,349.0,,,,,Special
614,thousand-arrows,6,5,90.0,10.0,100.0,0,11,2,373.0,100.0,,,,Physical
615,thousand-waves,6,5,90.0,10.0,100.0,0,11,2,374.0,,,,,Physical
616,lands-wrath,6,5,90.0,10.0,100.0,0,11,2,1.0,,,,,Physical
617,light-of-ruin,6,18,140.0,5.0,90.0,0,10,3,270.0,,,,,Special
618,origin-pulse,6,11,110.0,10.0,85.0,0,11,3,1.0,,,,,Special
619,precipice-blades,6,5,120.0,10.0,85.0,0,11,2,1.0,,,,,Physical
620,dragon-ascent,6,3,120.0,5.0,100.0,0,10,2,230.0,100.0,,,,Physical
621,hyperspace-fury,6,17,100.0,5.0,,0,10,2,360.0,100.0,,,,Physical
622,breakneck-blitz--physical,7,1,,1.0,,0,10,2,1.0,,,,,Physical
623,breakneck-blitz--special,7,1,,1.0,,0,10,3,1.0,,,,,Special
624,all-out-pummeling--physical,7,2,,1.0,,0,10,2,1.0,,,,,Physical
625,all-out-pummeling--special,7,2,,1.0,,0,10,3,1.0,,,,,Special
626,supersonic-skystrike--physical,7,3,,1.0,,0,10,2,1.0,,,,,Physical
627,supersonic-skystrike--special,7,3,,1.0,,0,10,3,1.0,,,,,Special
628,acid-downpour--physical,7,4,,1.0,,0,10,2,1.0,,,,,Physical
629,acid-downpour--special,7,4,,1.0,,0,10,3,1.0,,,,,Special
630,tectonic-rage--physical,7,5,,1.0,,0,10,2,1.0,,,,,Physical
631,tectonic-rage--special,7,5,,1.0,,0,10,3,1.0,,,,,Special
632,continental-crush--physical,7,6,,1.0,,0,10,2,1.0,,,,,Physical
633,continental-crush--special,7,6,,1.0,,0,10,3,1.0,,,,,Special
634,savage-spin-out--physical,7,7,,1.0,,0,10,2,1.0,,,,,Physical
635,savage-spin-out--special,7,7,,1.0,,0,10,3,1.0,,,,,Special
636,never-ending-nightmare--physical,7,8,,1.0,,0,10,2,1.0,,,,,Physical
637,never-ending-nightmare--special,7,8,,1.0,,0,10,3,1.0,,,,,Special
638,corkscrew-crash--physical,7,9,,1.0,,0,10,2,1.0,,,,,Physical
639,corkscrew-crash--special,7,9,,1.0,,0,10,3,1.0,,,,,Special
640,inferno-overdrive--physical,7,10,,1.0,,0,10,2,1.0,,,,,Physical
641,inferno-overdrive--special,7,10,,1.0,,0,10,3,1.0,,,,,Special
642,hydro-vortex--physical,7,11,,1.0,,0,10,2,1.0,,,,,Physical
643,hydro-vortex--special,7,11,,1.0,,0,10,3,1.0,,,,,Special
644,bloom-doom--physical,7,12,,1.0,,0,10,2,1.0,,,,,Physical
645,bloom-doom--special,7,12,,1.0,,0,10,3,1.0,,,,,Special
646,gigavolt-havoc--physical,7,13,,1.0,,0,10,2,1.0,,,,,Physical
647,gigavolt-havoc--special,7,13,,1.0,,0,10,3,1.0,,,,,Special
648,shattered-psyche--physical,7,14,,1.0,,0,10,2,1.0,,,,,Physical
649,shattered-psyche--special,7,14,,1.0,,0,10,3,1.0,,,,,Special
650,subzero-slammer--physical,7,15,,1.0,,0,10,2,1.0,,,,,Physical
651,subzero-slammer--special,7,15,,1.0,,0,10,3,1.0,,,,,Special
652,devastating-drake--physical,7,16,,1.0,,0,10,2,1.0,,,,,Physical
653,devastating-drake--special,7,16,,1.0,,0,10,3,1.0,,,,,Special
654,black-hole-eclipse--physical,7,17,,1.0,,0,10,2,1.0,,,,,Physical
655,black-hole-eclipse--special,7,17,,1.0,,0,10,3,1.0,,,,,Special
656,twinkle-tackle--physical,7,18,,1.0,,0,10,2,1.0,,,,,Physical
657,twinkle-tackle--special,7,18,,1.0,,0,10,3,1.0,,,,,Special
658,catastropika,7,13,210.0,1.0,,0,10,2,1.0,,,,,Physical
659,shore-up,7,5,,5.0,,0,7,1,382.0,,,,,Status
660,first-impression,7,7,90.0,10.0,100.0,2,10,2,383.0,,,,,Physical
661,baneful-bunker,7,4,,10.0,,4,7,1,384.0,,,,,Status
662,spirit-shackle,7,8,80.0,10.0,100.0,0,10,2,385.0,,,,,Physical
663,darkest-lariat,7,17,85.0,10.0,100.0,0,10,2,304.0,,,,,Physical
664,sparkling-aria,7,11,90.0,10.0,100.0,0,9,3,386.0,,,,,Special
665,ice-hammer,7,15,100.0,10.0,90.0,0,10,2,219.0,100.0,,,,Physical
666,floral-healing,7,18,,10.0,,0,10,1,387.0,,,,,Status
667,high-horsepower,7,5,95.0,10.0,95.0,0,10,2,1.0,,,,,Physical
668,strength-sap,7,12,,10.0,100.0,0,10,1,388.0,100.0,,,,Status
669,solar-blade,7,12,125.0,10.0,100.0,0,10,2,152.0,,,,,Physical
670,leafage,7,12,40.0,40.0,100.0,0,10,2,1.0,,,,,Physical
671,spotlight,7,1,,15.0,,3,10,1,389.0,,,,,Status
672,toxic-thread,7,4,,20.0,100.0,0,10,1,390.0,100.0,,,,Status
673,laser-focus,7,1,,30.0,,0,7,1,391.0,,,,,Status
674,gear-up,7,9,,20.0,,0,13,1,392.0,,,,,Status
675,throat-chop,7,17,80.0,15.0,100.0,0,10,2,393.0,100.0,,,,Physical
676,pollen-puff,7,7,90.0,15.0,100.0,0,10,3,394.0,,,,,Special
677,anchor-shot,7,9,80.0,20.0,100.0,0,10,2,385.0,,,,,Physical
678,psychic-terrain,7,14,,10.0,,0,12,1,395.0,,,,,Status
679,lunge,7,7,80.0,15.0,100.0,0,10,2,396.0,100.0,,,,Physical
680,fire-lash,7,10,80.0,15.0,100.0,0,10,2,397.0,100.0,,,,Physical
681,power-trip,7,17,20.0,10.0,100.0,0,10,2,306.0,,,,,Physical
682,burn-up,7,10,130.0,5.0,100.0,0,10,3,398.0,,,,,Special
683,speed-swap,7,14,,10.0,,0,10,1,399.0,,,,,Status
684,smart-strike,7,9,70.0,10.0,,0,10,2,18.0,,,,,Physical
685,purify,7,4,,20.0,,0,10,1,400.0,,,,,Status
686,revelation-dance,7,1,90.0,15.0,100.0,0,10,3,401.0,,,,,Special
687,core-enforcer,7,16,100.0,10.0,100.0,0,11,3,402.0,,,,,Special
688,trop-kick,7,12,70.0,15.0,100.0,0,10,2,396.0,100.0,,,,Physical
689,instruct,7,14,,15.0,,0,10,1,403.0,,,,,Status
690,beak-blast,7,3,100.0,15.0,100.0,-3,10,2,404.0,,,,,Physical
691,clanging-scales,7,16,110.0,5.0,100.0,0,11,3,405.0,100.0,,,,Special
692,dragon-hammer,7,16,90.0,15.0,100.0,0,10,2,1.0,,,,,Physical
693,brutal-swing,7,17,60.0,20.0,100.0,0,9,2,406.0,,,,,Physical
694,aurora-veil,7,15,,20.0,,0,4,1,407.0,,,,,Status
695,sinister-arrow-raid,7,8,180.0,1.0,,0,10,2,1.0,,,,,Physical
696,malicious-moonsault,7,17,180.0,1.0,,0,10,2,1.0,,,,,Physical
697,oceanic-operetta,7,11,195.0,1.0,,0,10,3,1.0,,,,,Special
698,guardian-of-alola,7,18,,1.0,,0,10,3,413.0,,,,,Special
699,soul-stealing-7-star-strike,7,8,195.0,1.0,,0,10,2,1.0,,,,,Physical
700,stoked-sparksurfer,7,13,175.0,1.0,,0,10,3,7.0,100.0,,,,Special
701,pulverizing-pancake,7,1,210.0,1.0,,0,10,2,1.0,,,,,Physical
702,extreme-evoboost,7,1,,1.0,,0,7,1,414.0,100.0,,,,Status
703,genesis-supernova,7,14,185.0,1.0,,0,10,3,415.0,,,,,Special
704,shell-trap,7,10,150.0,5.0,100.0,-3,11,3,408.0,,,,,Special
705,fleur-cannon,7,18,130.0,5.0,90.0,0,10,3,205.0,100.0,,,,Special
706,psychic-fangs,7,14,85.0,10.0,100.0,0,10,2,187.0,,,,,Physical
707,stomping-tantrum,7,5,75.0,10.0,100.0,0,10,2,409.0,,,,,Physical
708,shadow-bone,7,8,85.0,10.0,100.0,0,10,2,70.0,20.0,,,,Physical
709,accelerock,7,6,40.0,20.0,100.0,1,10,2,104.0,,,,,Physical
710,liquidation,7,11,85.0,10.0,100.0,0,10,2,70.0,20.0,,,,Physical
711,prismatic-laser,7,14,160.0,10.0,100.0,0,10,3,81.0,,,,,Special
712,spectral-thief,7,8,90.0,10.0,100.0,0,10,2,410.0,,,,,Physical
713,sunsteel-strike,7,9,100.0,5.0,100.0,0,10,2,411.0,,,,,Physical
714,moongeist-beam,7,8,100.0,5.0,100.0,0,10,3,411.0,,,,,Special
715,tearful-look,7,1,,20.0,,0,10,1,412.0,100.0,,,,Status
716,zing-zap,7,13,80.0,10.0,100.0,0,10,2,32.0,30.0,,,,Physical
717,natures-madness,7,18,,10.0,90.0,0,10,3,41.0,,,,,Special
718,multi-attack,7,1,120.0,10.0,100.0,0,10,2,269.0,,,,,Physical
719,10-000-000-volt-thunderbolt,7,13,195.0,1.0,,0,10,3,1.0,,,,,Special
720,mind-blown,7,10,150.0,5.0,100.0,0,9,3,420.0,,,,,Special
721,plasma-fists,7,13,100.0,15.0,100.0,0,10,2,417.0,,,,,Physical
722,photon-geyser,7,14,100.0,5.0,100.0,0,10,3,1.0,,,,,Special
723,light-that-burns-the-sky,7,14,200.0,1.0,,0,10,3,416.0,,,,,Special
724,searing-sunraze-smash,7,9,200.0,1.0,,0,10,2,411.0,,,,,Physical
725,menacing-moonraze-maelstrom,7,8,200.0,1.0,,0,10,3,411.0,,,,,Special
726,lets-snuggle-forever,7,18,190.0,1.0,,0,10,2,1.0,,,,,Physical
727,splintered-stormshards,7,6,190.0,1.0,,0,10,2,418.0,,,,,Physical
728,clangorous-soulblaze,7,16,185.0,1.0,,0,11,3,419.0,100.0,,,,Special
729,zippy-zap,7,13,80.0,10.0,100.0,2,10,2,1.0,100.0,,,,Physical
730,splishy-splash,7,11,90.0,15.0,100.0,0,11,3,1.0,30.0,,,,Special
731,floaty-fall,7,3,90.0,15.0,95.0,0,10,2,1.0,30.0,,,,Physical
732,pika-papow,7,13,,20.0,,0,10,3,1.0,,,,,Special
733,bouncy-bubble,7,11,60.0,20.0,100.0,0,10,3,1.0,,,,,Special
734,buzzy-buzz,7,13,60.0,20.0,100.0,0,10,3,1.0,100.0,,,,Special
735,sizzly-slide,7,10,60.0,20.0,100.0,0,10,2,1.0,100.0,,,,Physical
736,glitzy-glow,7,14,80.0,15.0,95.0,0,10,3,1.0,,,,,Special
737,baddy-bad,7,17,80.0,15.0,95.0,0,10,3,1.0,,,,,Special
738,sappy-seed,7,12,100.0,10.0,90.0,0,10,2,1.0,100.0,,,,Physical
739,freezy-frost,7,15,100.0,10.0,90.0,0,10,3,1.0,,,,,Special
740,sparkly-swirl,7,18,120.0,5.0,85.0,0,10,3,1.0,,,,,Special
741,veevee-volley,7,1,,20.0,,0,10,2,1.0,,,,,Physical
742,double-iron-bash,7,9,60.0,5.0,100.0,0,10,2,45.0,30.0,,,,Physical
743,max-guard,8,1,,10.0,,4,7,1,112.0,,,,,Status
744,dynamax-cannon,8,16,100.0,5.0,100.0,0,10,3,421.0,,,,,Special
745,snipe-shot,8,11,80.0,15.0,100.0,0,10,3,422.0,,,,,Special
746,jaw-lock,8,17,80.0,10.0,100.0,0,10,2,423.0,,,,,Physical
747,stuff-cheeks,8,1,,10.0,,0,7,1,424.0,100.0,,,,Status
748,no-retreat,8,2,,5.0,,0,7,1,425.0,100.0,,,,Status
749,tar-shot,8,6,,15.0,100.0,0,10,1,426.0,100.0,,,,Status
750,magic-powder,8,14,,20.0,100.0,0,10,1,427.0,,,,,Status
751,dragon-darts,8,16,50.0,10.0,100.0,0,10,2,428.0,,,,,Physical
752,teatime,8,1,,10.0,,0,14,1,429.0,,,,,Status
753,octolock,8,2,,15.0,100.0,0,10,1,430.0,,,,,Status
754,bolt-beak,8,13,85.0,10.0,100.0,0,10,2,431.0,,,,,Physical
755,fishious-rend,8,11,85.0,10.0,100.0,0,10,2,431.0,,,,,Physical
756,court-change,8,1,,10.0,100.0,0,12,1,432.0,,,,,Status
757,max-flare,8,10,100.0,10.0,,0,2,2,1.0,,,,,Physical
758,max-flutterby,8,7,10.0,10.0,,0,2,2,1.0,,,,,Physical
759,max-lightning,8,13,10.0,10.0,,0,2,2,1.0,,,,,Physical
760,max-strike,8,1,10.0,10.0,,0,2,2,1.0,,,,,Physical
761,max-knuckle,8,2,10.0,10.0,,0,2,2,1.0,,,,,Physical
762,max-phantasm,8,8,10.0,10.0,,0,2,2,1.0,,,,,Physical
763,max-hailstorm,8,15,10.0,10.0,,0,2,2,1.0,,,,,Physical
764,max-ooze,8,4,10.0,10.0,,0,2,2,1.0,,,,,Physical
765,max-geyser,8,11,10.0,10.0,,0,2,2,1.0,,,,,Physical
766,max-airstream,8,3,10.0,10.0,,0,2,2,1.0,,,,,Physical
767,max-starfall,8,18,10.0,10.0,,0,2,2,1.0,,,,,Physical
768,max-wyrmwind,8,16,10.0,10.0,,0,2,2,1.0,,,,,Physical
769,max-mindstorm,8,14,10.0,10.0,,0,2,2,1.0,,,,,Physical
770,max-rockfall,8,6,10.0,10.0,,0,2,2,1.0,,,,,Physical
771,max-quake,8,5,10.0,10.0,,0,2,2,1.0,,,,,Physical
772,max-darkness,8,17,10.0,10.0,,0,2,2,1.0,,,,,Physical
773,max-overgrowth,8,12,10.0,10.0,,0,2,2,1.0,,,,,Physical
774,max-steelspike,8,9,10.0,10.0,,0,2,2,1.0,,,,,Physical
775,clangorous-soul,8,16,,5.0,100.0,0,7,1,433.0,100.0,,,,Status
776,body-press,8,2,80.0,10.0,100.0,0,10,2,434.0,,,,,Physical
777,decorate,8,18,,15.0,,0,10,1,435.0,100.0,,,,Status
778,drum-beating,8,12,80.0,10.0,100.0,0,10,2,71.0,100.0,,,,Physical
779,snap-trap,8,12,35.0,15.0,100.0,0,10,2,43.0,100.0,,,,Physical
780,pyro-ball,8,10,120.0,5.0,90.0,0,10,2,5.0,10.0,,,,Physical
781,behemoth-blade,8,9,100.0,5.0,100.0,0,10,2,436.0,,,,,Physical
782,behemoth-bash,8,9,100.0,5.0,100.0,0,10,2,436.0,,,,,Physical
783,aura-wheel,8,13,110.0,10.0,100.0,0,10,2,437.0,100.0,,,,Physical
784,breaking-swipe,8,16,60.0,15.0,100.0,0,11,2,396.0,100.0,,,,Physical
785,branch-poke,8,12,40.0,40.0,100.0,0,10,2,1.0,,,,,Physical
786,overdrive,8,13,80.0,10.0,100.0,0,11,3,439.0,,,,,Special
787,apple-acid,8,12,80.0,10.0,100.0,0,10,3,440.0,100.0,,,,Special
788,grav-apple,8,12,80.0,10.0,100.0,0,10,2,397.0,100.0,,,,Physical
789,spirit-break,8,18,75.0,15.0,100.0,0,10,2,72.0,100.0,,,,Physical
790,strange-steam,8,18,90.0,10.0,95.0,0,10,3,77.0,20.0,,,,Special
791,life-dew,8,11,,10.0,,0,13,1,441.0,,,,,Status
792,obstruct,8,17,,10.0,100.0,4,7,1,442.0,,,,,Status
793,false-surrender,8,17,80.0,10.0,,0,10,2,18.0,,,,,Physical
794,meteor-assault,8,2,150.0,5.0,100.0,0,10,2,81.0,,,,,Physical
795,eternabeam,8,16,160.0,5.0,90.0,0,10,3,81.0,,,,,Special
796,steel-beam,8,9,140.0,5.0,95.0,0,10,3,420.0,,,,,Special
797,expanding-force,8,14,80.0,10.0,100.0,0,10,3,1.0,,,,,Special
798,steel-roller,8,9,130.0,5.0,100.0,0,10,2,1.0,,,,,Physical
799,scale-shot,8,16,25.0,20.0,90.0,0,10,2,443.0,,,,,Physical
800,meteor-beam,8,6,120.0,10.0,90.0,0,10,3,1.0,100.0,,,,Special
801,shell-side-arm,8,4,90.0,10.0,100.0,0,10,3,1.0,20.0,,,,Special
802,misty-explosion,8,18,100.0,5.0,100.0,0,9,3,1.0,,,,,Special
803,grassy-glide,8,12,55.0,20.0,100.0,0,10,2,1.0,,,,,Physical
804,rising-voltage,8,13,70.0,20.0,100.0,0,10,3,1.0,,,,,Special
805,terrain-pulse,8,1,50.0,10.0,100.0,0,10,3,1.0,,,,,Special
806,skitter-smack,8,7,70.0,10.0,90.0,0,10,2,1.0,100.0,,,,Physical
807,burning-jealousy,8,10,70.0,5.0,100.0,0,11,3,1.0,100.0,,,,Special
808,lash-out,8,17,75.0,5.0,100.0,0,10,2,1.0,,,,,Physical
809,poltergeist,8,8,110.0,5.0,90.0,0,10,2,1.0,,,,,Physical
810,corrosive-gas,8,4,,40.0,100.0,0,9,1,1.0,,,,,Status
811,coaching,8,2,,10.0,,0,13,1,1.0,100.0,,,,Status
812,flip-turn,8,11,60.0,20.0,100.0,0,10,2,1.0,,,,,Physical
813,triple-axel,8,15,20.0,10.0,90.0,0,10,2,1.0,,,,,Physical
814,dual-wingbeat,8,3,40.0,10.0,90.0,0,10,2,1.0,,,,,Physical
815,scorching-sands,8,5,70.0,10.0,100.0,0,10,3,5.0,30.0,,,,Special
816,jungle-healing,8,12,,10.0,,0,13,1,1.0,,,,,Status
817,wicked-blow,8,17,75.0,5.0,100.0,0,10,2,1.0,,,,,Physical
818,surging-strikes,8,11,25.0,5.0,100.0,0,10,2,1.0,,,,,Physical
819,thunder-cage,8,13,80.0,15.0,90.0,0,10,3,1.0,100.0,,,,Special
820,dragon-energy,8,16,150.0,5.0,100.0,0,11,3,1.0,,,,,Special
821,freezing-glare,8,14,90.0,10.0,100.0,0,10,3,1.0,10.0,,,,Special
822,fiery-wrath,8,17,90.0,10.0,100.0,0,11,3,1.0,20.0,,,,Special
823,thunderous-kick,8,2,90.0,10.0,100.0,0,10,2,1.0,100.0,,,,Physical
824,glacial-lance,8,15,120.0,5.0,100.0,0,11,2,1.0,,,,,Physical
825,astral-barrage,8,8,120.0,5.0,100.0,0,11,3,1.0,,,,,Special
826,eerie-spell,8,14,80.0,5.0,100.0,0,10,3,1.0,,,,,Special
827,dire-claw,8,4,80.0,15.0,100.0,0,10,2,,,,,,Physical
828,psyshield-bash,8,14,70.0,10.0,90.0,0,10,2,,,,,,Physical
829,power-shift,8,1,0.0,10.0,,0,7,1,,,,,,Status
830,stone-axe,8,6,65.0,15.0,90.0,0,10,2,,,,,,Physical
831,springtide-storm,8,18,100.0,5.0,80.0,0,11,3,,,,,,Special
832,mystical-power,8,14,70.0,10.0,90.0,0,10,3,,,,,,Special
833,raging-fury,8,10,120.0,10.0,100.0,0,8,2,,,,,,Physical
834,wave-crash,8,11,120.0,10.0,100.0,0,10,2,,,,,,Physical
835,chloroblast,8,12,150.0,5.0,95.0,0,10,3,,,,,,Special
836,mountain-gale,8,15,100.0,10.0,85.0,0,10,2,,,,,,Physical
837,victory-dance,8,2,0.0,10.0,,0,7,1,,,,,,Status
838,headlong-rush,8,5,120.0,5.0,100.0,0,10,2,,,,,,Physical
839,barb-barrage,8,4,60.0,10.0,100.0,0,10,2,,,,,,Physical
840,esper-wing,8,14,80.0,10.0,100.0,0,10,3,,,,,,Special
841,bitter-malice,8,8,75.0,10.0,100.0,0,10,3,,,,,,Special
842,shelter,8,9,0.0,10.0,,0,7,1,,,,,,Status
843,triple-arrows,8,2,90.0,10.0,100.0,0,10,2,,,,,,Physical
844,infernal-parade,8,8,60.0,15.0,100.0,0,10,3,,,,,,Special
845,ceaseless-edge,8,17,65.0,15.0,90.0,0,10,2,,,,,,Physical
846,bleakwind-storm,8,3,100.0,10.0,80.0,0,11,3,,,,,,Special
847,wildbolt-storm,8,13,100.0,10.0,80.0,0,11,3,,,,,,Special
848,sandsear-storm,8,5,100.0,10.0,80.0,0,11,3,,,,,,Special
849,lunar-blessing,8,14,0.0,5.0,,0,15,1,,,,,,Status
850,take-heart,8,14,0.0,10.0,,0,15,1,,,,,,Status
851,tera-blast,9,1,80.0,10.0,100.0,0,10,3,,,,,,Special
852,silk-trap,9,7,0.0,10.0,,4,7,1,,,,,,Status
853,axe-kick,9,2,120.0,10.0,90.0,0,10,2,,,,,,Physical
854,last-respects,9,8,50.0,10.0,100.0,0,10,2,,,,,,Physical
855,lumina-crash,9,14,80.0,10.0,100.0,0,10,3,,,,,,Special
856,order-up,9,16,80.0,10.0,100.0,0,10,2,,,,,,Physical
857,jet-punch,9,11,60.0,15.0,100.0,1,10,2,,,,,,Physical
858,spicy-extract,9,12,0.0,15.0,,0,10,1,,,,,,Status
859,spin-out,9,9,100.0,5.0,100.0,0,10,2,,,,,,Physical
860,population-bomb,9,1,20.0,10.0,90.0,0,10,2,,,,,,Physical
861,ice-spinner,9,15,80.0,15.0,100.0,0,10,2,,,,,,Physical
862,glaive-rush,9,16,120.0,5.0,100.0,0,10,2,,,,,,Physical
863,revival-blessing,9,1,0.0,1.0,,0,16,1,,,,,,Status
864,salt-cure,9,6,40.0,15.0,100.0,0,10,2,,,,,,Physical
865,triple-dive,9,11,30.0,10.0,95.0,0,10,2,,,,,,Physical
866,mortal-spin,9,4,30.0,15.0,100.0,0,11,2,,,,,,Physical
867,doodle,9,1,0.0,10.0,100.0,0,10,1,,,,,,Status
868,fillet-away,9,1,0.0,10.0,,0,7,1,,,,,,Status
869,kowtow-cleave,9,17,85.0,10.0,,0,10,2,,,,,,Physical
870,flower-trick,9,12,70.0,10.0,,0,10,2,,,,,,Physical
871,torch-song,9,10,80.0,10.0,100.0,0,10,3,,,,,,Special
872,aqua-step,9,11,80.0,10.0,100.0,0,10,2,,,,,,Physical
873,raging-bull,9,1,90.0,10.0,100.0,0,10,2,,,,,,Physical
874,make-it-rain,9,9,120.0,5.0,100.0,0,11,3,,,,,,Special
875,psyblade,9,14,80.0,15.0,100.0,0,10,2,,,,,,Physical
876,hydro-steam,9,11,80.0,15.0,100.0,0,10,3,,,,,,Special
877,ruination,9,17,1.0,10.0,90.0,0,10,3,,,,,,Special
878,collision-course,9,2,100.0,5.0,100.0,0,10,2,,,,,,Physical
879,electro-drift,9,13,100.0,5.0,100.0,0,10,3,,,,,,Special
880,shed-tail,9,1,0.0,10.0,,0,7,1,,,,,,Status
881,chilly-reception,9,15,0.0,10.0,,0,12,1,,,,,,Status
882,tidy-up,9,1,0.0,10.0,,0,7,1,,,,,,Status
883,snowscape,9,15,0.0,10.0,,0,12,1,,,,,,Status
884,pounce,9,7,50.0,20.0,100.0,0,10,2,,,,,,Physical
885,trailblaze,9,12,50.0,20.0,100.0,0,10,2,,,,,,Physical
886,chilling-water,9,11,50.0,20.0,100.0,0,10,3,,,,,,Special
887,hyper-drill,9,1,100.0,5.0,100.0,0,10,2,,,,,,Physical
888,twin-beam,9,14,40.0,10.0,100.0,0,10,3,,,,,,Special
889,rage-fist,9,8,50.0,10.0,100.0,0,10,2,,,,,,Physical
890,armor-cannon,9,10,120.0,5.0,100.0,0,10,3,,,,,,Special
891,bitter-blade,9,10,90.0,10.0,100.0,0,10,2,,,,,,Physical
892,double-shock,9,13,120.0,5.0,100.0,0,10,2,,,,,,Physical
893,gigaton-hammer,9,9,160.0,5.0,100.0,0,10,2,,,,,,Physical
894,comeuppance,9,17,1.0,10.0,100.0,0,1,2,,,,,,Physical
895,aqua-cutter,9,11,70.0,20.0,100.0,0,10,2,,,,,,Physical
896,blazing-torque,9,10,80.0,10.0,100.0,0,10,2,,,,,,Physical
897,wicked-torque,9,17,80.0,10.0,100.0,0,10,2,,,,,,Physical
898,noxious-torque,9,4,100.0,10.0,100.0,0,10,2,,,,,,Physical
899,combat-torque,9,2,100.0,10.0,100.0,0,10,2,,,,,,Physical
900,magical-torque,9,18,100.0,10.0,100.0,0,10,2,,,,,,Physical
901,blood-moon,9,1,140.0,5.0,100.0,0,10,3,,,,,,Special
902,matcha-gotcha,9,12,80.0,15.0,90.0,0,10,3,,,,,,Special
903,syrup-bomb,9,12,60.0,10.0,85.0,0,10,3,,,,,,Special
904,ivy-cudgel,9,12,100.0,10.0,100.0,0,10,2,,,,,,Physical
905,electro-shot,9,13,130.0,10.0,100.0,0,10,3,,,,,,Special
906,tera-starstorm,9,1,120.0,5.0,100.0,0,11,3,,,,,,Special
907,fickle-beam,9,16,80.0,5.0,100.0,0,10,3,,,,,,Special
908,burning-bulwark,9,10,0.0,10.0,0.0,4,7,1,,,,,,Status
909,thunderclap,9,13,70.0,5.0,100.0,1,10,3,,,,,,Special
910,mighty-cleave,9,6,95.0,5.0,100.0,0,10,2,,,,,,Physical
911,tachyon-cutter,9,9,50.0,10.0,0.0,0,10,3,,,,,,Special
912,hard-press,9,9,0.0,10.0,100.0,0,10,2,,,,,,Physical
913,dragon-cheer,9,16,0.0,15.0,0.0,0,15,1,,,,,,Status
914,alluring-voice,9,18,80.0,10.0,100.0,0,10,3,,,,,,Special
915,temper-flare,9,10,75.0,10.0,100.0,0,10,2,,,,,,Physical
916,supercell-slam,9,13,100.0,15.0,95.0,0,10,2,,,,,,Physical
917,psychic-noise,9,14,75.0,10.0,100.0,0,10,3,,,,,,Special
918,upper-hand,9,2,65.0,15.0,100.0,3,10,2,,,,,,Physical
919,malignant-chain,9,4,100.0,5.0,100.0,0,10,3,,,,,,Special
10001,shadow-rush,3,10002,55.0,,100.0,0,10,2,10001.0,,,,,Physical
10002,shadow-blast,3,10002,80.0,,100.0,0,10,2,44.0,,,,,Physical
10003,shadow-blitz,3,10002,40.0,,100.0,0,10,2,1.0,,,,,Physical
10004,shadow-bolt,3,10002,75.0,,100.0,0,10,3,7.0,10.0,,,,Special
10005,shadow-break,3,10002,75.0,,100.0,0,10,2,1.0,,,,,Physical
10006,shadow-chill,3,10002,75.0,,100.0,0,10,3,6.0,10.0,,,,Special
10007,shadow-end,3,10002,120.0,,60.0,0,10,2,10002.0,,,,,Physical
10008,shadow-fire,3,10002,75.0,,100.0,0,10,3,5.0,10.0,,,,Special
10009,shadow-rave,3,10002,70.0,,100.0,0,6,3,1.0,,,,,Special
10010,shadow-storm,3,10002,95.0,,100.0,0,6,3,1.0,,,,,Special
10011,shadow-wave,3,10002,50.0,,100.0,0,6,3,1.0,,,,,Special
10012,shadow-down,3,10002,,,100.0,0,6,1,60.0,,,,,Status
10013,shadow-half,3,10002,,,100.0,0,12,3,10003.0,,,,,Special
10014,shadow-hold,3,10002,,,,0,6,1,107.0,,,,,Status
10015,shadow-mist,3,10002,,,100.0,0,6,1,10004.0,,,,,Status
10016,shadow-panic,3,10002,,,90.0,0,6,1,50.0,,,,,Status
10017,shadow-shed,3,10002,,,,0,12,1,10005.0,,,,,Status
10018,shadow-sky,3,10002,,,,0,12,1,10006.0,,,,,Status
